locus_id	locus_name	chr	start	end	strand	te_name	te_family	te_class	length	score
TE_001	chr1:52575751-52576027(+)	chr1	52575751	52576027	+	AluSp	Alu	SINE	276	2170
TE_002	chr15:25994289-25994582(+)	chr15	25994289	25994582	+	AluSz	Alu	SINE	293	2288
TE_003	chr20:21368796-21369075(-)	chr20	21368796	21369075	-	AluY	Alu	SINE	279	1770
TE_004	chr12:49781409-49781668(-)	chr12	49781409	49781668	-	AluJb	Alu	SINE	259	1632
TE_005	chr6:35441455-35441750(-)	chr6	35441455	35441750	-	AluJb	Alu	SINE	295	1639
TE_006	chr6:100191040-100191486(+)	chr6	100191040	100191486	+	L2a	L2	LINE	446	1146
TE_007	chr7:18863549-18863779(-)	chr7	18863549	18863779	-	L1M6	L1	LINE	230	476
TE_008	chr3:118457367-118458832(-)	chr3	118457367	118458832	-	L1PA6	L1	LINE	1465	17521
TE_009	chr7:125053796-125054014(-)	chr7	125053796	125054014	-	MER30	hAT-Charlie	DNA	218	1340
TE_010	chr10:5125179-5125428(+)	chr10	5125179	5125428	+	L1MC5a	L1	LINE	249	415
